morphospecies;Family;Order;Superfamily;Suborder;functional_g;guild;functional_group;pollinator_level;subfamily;Tribu;genre;species;barcode;size;adult-food;other;
arachn.1;;Arachnida;;;spider;predator;predatory_arachnida;0;;;;;;;;;
arachn.10;;Arachnida;;;spider;predator;predatory_arachnida;0;;;;;;;;;
Arachn.11;;Arachnida;;;spider;predator;predatory_arachnida;0;;;;;;;;;
arachn.12;;Arachnida;;;spider;predator;predatory_arachnida;0;;;;;;;;;
Arachn.12;;Arachnida;;;spider;predator;predatory_arachnida;0;;;;;;;;;
Arachn.13;;Arachnida;;;spider;predator;predatory_arachnida;0;;;;;;;;;
Arachn.14;;Arachnida;;;spider;predator;predatory_arachnida;0;;;;;;;;;
arachn.15;;Arachnida;;;spider;predator;predatory_arachnida;0;;;;;;;;;
arachn.16;;Arachnida;;;spider;predator;predatory_arachnida;0;;;;;;;;;
arachn.17;;Arachnida;;;spider;predator;predatory_arachnida;0;;;;;;;;;
arachn.17;;Arachnida;;;spider;predator;predatory_arachnida;0;;;;;;;;;
arachn.18;;Arachnida;;;spider;predator;predatory_arachnida;0;;;;;;;;;
arachn.19;;Arachnida;;;spider;predator;predatory_arachnida;0;;;;;;;;;
arachn.2;;Arachnida;;;spider;predator;predatory_arachnida;0;;;;;;;;;
arachn.20;;Arachnida;;;spider;predator;predatory_arachnida;0;;;;;;;;;
arachn.21;;Arachnida;;;spider;predator;predatory_arachnida;0;;;;;;;;;
arachn.22;;Arachnida;;;spider;predator;predatory_arachnida;0;;;;;;;;;
arachn.22;;Arachnida;;;spider;predator;predatory_arachnida;0;;;;;;;;;
arachn.23;;Arachnida;;;spider;predator;predatory_arachnida;0;;;;;;;;;
arachn.24;;Arachnida;;;spider;predator;predatory_arachnida;0;;;;;;;;;
arachn.25;;Arachnida;;;spider;predator;predatory_arachnida;0;;;;;;;;;
arachn.26;;Arachnida;;;spider;predator;predatory_arachnida;0;;;;;;;;;
arachn.26;;Arachnida;;;spider;predator;predatory_arachnida;0;;;;;;;;;
arachn.27;;Arachnida;;;spider;predator;predatory_arachnida;0;;;;;;;;;
arachn.28;;Arachnida;;;spider;predator;predatory_arachnida;0;;;;;;;;;
arachn.29;;Arachnida;;;spider;predator;predatory_arachnida;0;;;;;;;;;
Arachn.3;;Arachnida;;;spider;predator;predatory_arachnida;0;;;;;;;;;
arachn.4;;Arachnida;;;spider;predator;predatory_arachnida;0;;;;;;;;;
arachn.5;;Arachnida;;;spider;predator;predatory_arachnida;0;;;;;;;;;
arachn.6;;Arachnida;;;spider;predator;predatory_arachnida;0;;;;;;;;;
arachn.7;;Arachnida;;;spider;predator;predatory_arachnida;0;;;;;;;;;
arachn.8;;Arachnida;;;spider;predator;predatory_arachnida;0;;;;;;;;;
arachn.9;;Arachnida;;;spider;predator;predatory_arachnida;0;;;;;;;;;
Dermes.1;Dermestidae;Coleoptera;Bostrichoidea;Polyphaga;beetle;phytophagous;phytophagous_coleoptera;0;;;Anthrenus;;;;polen;;
Dermes.2;Dermestidae;Coleoptera;Bostrichoidea;Polyphaga;beetle;phytophagous;phytophagous_coleoptera;0;;;Anthrenus;;;;polen;;
dermes.3;Dermestidae;Coleoptera;Bostrichoidea;Polyphaga;beetle;phytophagous;phytophagous_coleoptera;0;;;Anthrenus;;;;polen;;
dermes.4;Dermestidae;Coleoptera;Bostrichoidea;Polyphaga;beetle;phytophagous;phytophagous_coleoptera;0;;;Anthrenus;;;;polen;;
ptinid.1;Ptinidae;Coleoptera;Bostrichoidea;Polyphaga;beetle;phytophagous;phytophagous_coleoptera;0;;;;;;;;;
Bupres.1;Buprestidae;Coleoptera;Buprestoidea;Polyphaga;beetle;phytophagous;phytophagous_coleoptera;0;;;Taphrocerus;agriloides;;;;;
bupres.2;Buprestidae;Coleoptera;Buprestoidea;Polyphaga;beetle;phytophagous;phytophagous_coleoptera;0;;;;;;;;;
Lycida.1;Lycidae;Coleoptera;Cantharoidea;Polyphaga;beetle;phytophagous;phytophagous_coleoptera;0;;Lycini;Lycus;;;;nectar;;
carabi.1;Carabidae;Coleoptera;Caraboidea;Adephaga;beetle;predator;predatory_coleoptera;0;;;;;;;;;
Carabi.4;Carabidae;Coleoptera;Caraboidea;Adephaga;beetle;predator;predatory_coleoptera;0;;;;;;;;;
Carabid.2;Carabidae;Coleoptera;Caraboidea;Adephaga;beetle;predator;predatory_coleoptera;0;;;;;;;;;
ceramb.1;Cerambycidae;Coleoptera;Chrysomeloidea;Polyphaga;beetle;phytophagous;phytophagous_coleoptera;0;;;;;;;;;
ceramb.1;Cerambycidae;Coleoptera;Chrysomeloidea;Polyphaga;beetle;phytophagous;phytophagous_coleoptera;0;;;;;;;;;
Chryso.1;Chrysomelidae;Coleoptera;Chrysomeloidea;Polyphaga;beetle;phytophagous;phytophagous_coleoptera;0;;;;;;;;;
chryso.11;Chrysomelidae;Coleoptera;Chrysomeloidea;Polyphaga;beetle;phytophagous;phytophagous_coleoptera;0;;;;;;;;;
chryso.12;Chrysomelidae;Coleoptera;Chrysomeloidea;Polyphaga;beetle;phytophagous;phytophagous_coleoptera;0;;;;;;;;;
chryso.13;Chrysomelidae;Coleoptera;Chrysomeloidea;Polyphaga;beetle;phytophagous;phytophagous_coleoptera;0;;;;;;;;;
Chryso.2;Chrysomelidae;Coleoptera;Chrysomeloidea;Polyphaga;beetle;phytophagous;phytophagous_coleoptera;0;;;;;;;;;
Chryso.3;Chrysomelidae;Coleoptera;Chrysomeloidea;Polyphaga;beetle;phytophagous;phytophagous_coleoptera;0;;;;;;;;;
Chryso.4;Chrysomelidae;Coleoptera;Chrysomeloidea;Polyphaga;beetle;phytophagous;phytophagous_coleoptera;0;;;;;;;;;
Chryso.5;Chrysomelidae;Coleoptera;Chrysomeloidea;Polyphaga;beetle;phytophagous;phytophagous_coleoptera;0;;;;;;;;;
chryso.6;Chrysomelidae;Coleoptera;Chrysomeloidea;Polyphaga;beetle;phytophagous;phytophagous_coleoptera;0;;;;;;;;;
Chryso.7;Chrysomelidae;Coleoptera;Chrysomeloidea;Polyphaga;beetle;phytophagous;phytophagous_coleoptera;0;;;;;;;;;
Chryso.8;Chrysomelidae;Coleoptera;Chrysomeloidea;Polyphaga;beetle;phytophagous;phytophagous_coleoptera;0;;;;;;;;;
chryso.13;Chrysomelidae;Coleoptera;Chrysomeloidea;Polyphaga;beetle;phytophagous;phytophagous_coleoptera;0;;;;;;;;;
chryso.18;Chrysomelidae;Coleoptera;Chrysomeloidea;Polyphaga;beetle;phytophagous;phytophagous_coleoptera;0;;;;;;;;;
chryso.19;Chrysomelidae;Coleoptera;Chrysomeloidea;Polyphaga;beetle;phytophagous;phytophagous_coleoptera;0;;;;;;;;;
chryso.14;Chrysomelidae;Coleoptera;Chrysomeloidea;Polyphaga;beetle;phytophagous;phytophagous_coleoptera;0;;;;;;;;;
chryso.17;Chrysomelidae;Coleoptera;Chrysomeloidea;Polyphaga;beetle;phytophagous;phytophagous_coleoptera;0;;;;;;;;;
chryso.16;Chrysomelidae;Coleoptera;Chrysomeloidea;Polyphaga;beetle;phytophagous;phytophagous_coleoptera;0;;;;;;;;;
chryso.18;Chrysomelidae;Coleoptera;Chrysomeloidea;Polyphaga;beetle;phytophagous;phytophagous_coleoptera;0;;;;;;;;;
chryso.6;Chrysomelidae;Coleoptera;Chrysomeloidea;Polyphaga;beetle;phytophagous;phytophagous_coleoptera;0;;;;;;;;;
chryso.9;Chrysomelidae;Coleoptera;Chrysomeloidea;Polyphaga;beetle;phytophagous;phytophagous_coleoptera;0;;;;;;;le même que chryso 8 a priori;;
cerylo.1;Cerylonidae;Coleoptera;Coccinelloidea;Polyphaga;beetle;predator;predatory_coleoptera;0;;;;;;;;;
coccin.1;Coccinellidae;Coleoptera;Coccinelloidea;Polyphaga;beetle;predator;predatory_coleoptera;0;;;;;;;;;
coccin.2;Coccinellidae;Coleoptera;Coccinelloidea;Polyphaga;beetle;predator;predatory_coleoptera;0;;;;;;;;;
Coccin.3;Coccinellidae;Coleoptera;Coccinelloidea;Polyphaga;beetle;predator;predatory_coleoptera;0;;;;;;;;;
Coccin.4;Coccinellidae;Coleoptera;Coccinelloidea;Polyphaga;beetle;predator;predatory_coleoptera;0;;;;;;;;;
Coccin.5;Coccinellidae;Coleoptera;Coccinelloidea;Polyphaga;beetle;predator;predatory_coleoptera;0;;;;;;;;;
coccin.6;Coccinellidae;Coleoptera;Coccinelloidea;Polyphaga;beetle;predator;predatory_coleoptera;0;;;;;;;;;
nitidu.1;Nitidulidae;Coleoptera;Cucujoidea;Polyphaga;beetle;phytophagous;phytophagous_coleoptera;0;Nitidulinae;Nitidulini;Stelidota;;;;sap/nectar;;
Curcul.1;Curculionidae;Coleoptera;Curculionoidea;Polyphaga;beetle;phytophagous;phytophagous_coleoptera;1;;;;;;;;;
Curcul.2;Curculionidae;Coleoptera;Curculionoidea;Polyphaga;beetle;phytophagous;phytophagous_coleoptera;1;;;;;;;;;
Curcul.3;Curculionidae;Coleoptera;Curculionoidea;Polyphaga;beetle;phytophagous;phytophagous_coleoptera;1;;;;;;;;;
curcul.4;Curculionidae;Coleoptera;Curculionoidea;Polyphaga;beetle;phytophagous;phytophagous_coleoptera;1;;;;;;;;;
curcul.5;Curculionidae;Coleoptera;Curculionoidea;Polyphaga;beetle;phytophagous;phytophagous_coleoptera;1;Curculionae;anthonomini;;;;;;;
curcul.7;Curculionidae;Coleoptera;Curculionoidea;Polyphaga;beetle;phytophagous;phytophagous_coleoptera;1;;;;;;;;;
curcul.6;Curculionidae;Coleoptera;Curculionoidea;Polyphaga;beetle;phytophagous;phytophagous_coleoptera;1;;;;;;;;;
Elater.1;Elateridae;Coleoptera;Elateroidea;Polyphaga;beetle;;phytophagous_coleoptera;0;;;;;;;;;
aphodi.1;Aphodiidae;Coleoptera;Scarabaeoidea;Polyphaga;beetle;phytophagous;phytophagous_coleoptera;0;;;;;;;;;coprophage
Scarab.1;Scarabeidae;Coleoptera;Scarabaeoidea;Polyphaga;beetle;phytophagous;phytophagous_coleoptera;2;Cetoniinae;Cetoniini;;;;;;;
Scarab.2;Scarabeidae;Coleoptera;Scarabaeoidea;Polyphaga;beetle;phytophagous;phytophagous_coleoptera;2;Cetoniinae;Cetoniini;;;;;;;
Scarab.3;Scarabeidae;Coleoptera;Scarabaeoidea;Polyphaga;beetle;phytophagous;phytophagous_coleoptera;2;Cetoniinae;Cetoniini;;;;;;;
Scarab.4;Scarabeidae;Coleoptera;Scarabaeoidea;Polyphaga;beetle;phytophagous;phytophagous_coleoptera;1;Melolonthinae;;;;;;;;
scarab.5;Scarabeidae;Coleoptera;Scarabaeoidea;Polyphaga;beetle;phytophagous;phytophagous_coleoptera;1;;;;;;;;;
scarab.6;Scarabeidae;Coleoptera;Scarabaeoidea;Polyphaga;beetle;phytophagous;phytophagous_coleoptera;1;;;;;;;;;
leiodi.1;Leiodidae;Coleoptera;Staphylinoidea;Polyphaga;beetle;phytophagous;phytophagous_coleoptera;0;;;;;;;;;
Staphy.2;Staphylinidae;Coleoptera;Staphylinoidea;Polyphaga;beetle;phytophagous;phytophagous_coleoptera;0;;;;;;;;;
staphy.3;Staphylinidae;Coleoptera;Staphylinoidea;Polyphaga;beetle;phytophagous;phytophagous_coleoptera;0;;;;;;;;;
staphy.4;Staphylinidae;Coleoptera;Staphylinoidea;Polyphaga;beetle;phytophagous;phytophagous_coleoptera;0;;;;;;;;;
Staphy.1;Staphylinidae;Coleoptera;Staphylinoidea;Polyphaga;beetle;predator;predatory_coleoptera;0;Paederinae;;Paederus;;;;;;
Meloid.1;Meloidae;Coleoptera;Tenebrionoidea;Polyphaga;beetle;phytophagous;phytophagous_coleoptera;1;;;Mylabris;argentata;;;;;
Meloid.2;Meloidae;Coleoptera;Tenebrionoidea;Polyphaga;beetle;phytophagous;phytophagous_coleoptera;1;;;Mylabris;nubica;;;;;
Meloid.3;Meloidae;Coleoptera;Tenebrionoidea;Polyphaga;beetle;phytophagous;phytophagous_coleoptera;1;;;Mylabris;guineensis;;;;;
Meloid.4;Meloidae;Coleoptera;Tenebrionoidea;Polyphaga;beetle;phytophagous;phytophagous_coleoptera;1;;;;;;;;;
Meloid.5;Meloidae;Coleoptera;Tenebrionoidea;Polyphaga;beetle;phytophagous;phytophagous_coleoptera;1;;;;;;;;;
Meloid.6;Meloidae;Coleoptera;Tenebrionoidea;Polyphaga;beetle;phytophagous;phytophagous_coleoptera;1;;;;;;;;;
Meloid.7;Meloidae;Coleoptera;Tenebrionoidea;Polyphaga;beetle;phytophagous;phytophagous_coleoptera;1;;;;;;;;;
meloid.8;Meloidae;Coleoptera;Tenebrionoidea;Polyphaga;beetle;phytophagous;phytophagous_coleoptera;1;;;;;;;;;
mordel.1;Mordellidae;Coleoptera;Tenebrionoidea;Polyphaga;beetle;phytophagous;phytophagous_coleoptera;0;;;;;;;pollen/flower;;
tenebr.1;Tenebrionidae;Coleoptera;Tenebrionoidea;Polyphaga;beetle;phytophagous;phytophagous_coleoptera;0;;;;;;;;;
coleop.1;;Coleoptera;;;beetle;;coleoptera;0;;;;;;;;;
Coleop.2;;Coleoptera;;;beetle;;coleoptera;0;;;;;;;;;
Coleoptere;;Coleoptera;;;beetle;;coleoptera;0;;;;;;;;;
Bombyl.1;Bombyliidae;Diptera;Asiloidea;Brachycera;fly;pollinator;pollinator_diptera;3;;;Anthrax;;;;;;
Bombyl.2;Bombyliidae;Diptera;Asiloidea;Brachycera;fly;pollinator;pollinator_diptera;3;;;;;;;;;
Bombyl.3;Bombyliidae;Diptera;Asiloidea;Brachycera;fly;pollinator;pollinator_diptera;3;;;;;;;;;
bombyl.4;Bombyliidae;Diptera;Asiloidea;Brachycera;fly;pollinator;pollinator_diptera;3;;;;;;;;;
bombyl.5;Bombyliidae;Diptera;Asiloidea;Brachycera;fly;pollinator;pollinator_diptera;3;;;;;;;;;
bombyl.6;Bombyliidae;Diptera;Asiloidea;Brachycera;fly;pollinator;pollinator_diptera;3;;;;;;;;;
bombyl.7;Bombyliidae;Diptera;Asiloidea;Brachycera;fly;pollinator;pollinator_diptera;3;;;;;;;;;
bombyl.9;Bombyliidae;Diptera;Asiloidea;Brachycera;fly;pollinator;pollinator_diptera;3;;;;;;;;;
bombyl.10;Bombyliidae;Diptera;Asiloidea;Brachycera;fly;pollinator;pollinator_diptera;3;;;;;;;;;
Mythic.1;Mythicomyiidae;Diptera;Asiloidea;Brachycera;fly;pollinator;pollinator_diptera;2;;;;;;;;;
Mythic.2;Mythicomyiidae;Diptera;Asiloidea;Brachycera;fly;pollinator;pollinator_diptera;2;;;;;;;;;
Mythic.3;Mythicomyiidae;Diptera;Asiloidea;Brachycera;fly;pollinator;pollinator_diptera;2;;;;;;;;;
Mythic.4;Mythicomyiidae;Diptera;Asiloidea;Brachycera;fly;pollinator;pollinator_diptera;2;;;;;;;;;
Mythic.5;Mythicomyiidae;Diptera;Asiloidea;Brachycera;fly;pollinator;pollinator_diptera;2;;;;;;;;;
mythic.7;Mythicomyiidae;Diptera;Asiloidea;Brachycera;fly;pollinator;pollinator_diptera;2;;;;;;;;;
mythic.8;Mythicomyiidae;Diptera;Asiloidea;Brachycera;fly;pollinator;pollinator_diptera;2;;;;;;;;;
Asilid.1;Asilidae;Diptera;Asiloidea;Brachycera;fly;predator;predatory_diptera;0;;;;;;;;;
Asilid.2;Asilidae;Diptera;Asiloidea;Brachycera;fly;predator;predatory_diptera;0;;;;;;;;;
Asilid.3;Asilidae;Diptera;Asiloidea;Brachycera;fly;predator;predatory_diptera;0;;;;;;;;;
asilid.4;Asilidae;Diptera;Asiloidea;Brachycera;fly;predator;predatory_diptera;0;;;;;;;;;
apsilo.1;Apsilocephalidae;Diptera;Asiloidea;Brachycera;fly;generalist;generalist_diptera;2;;;;;;;;;
Chloro.1;Chloropidae;Diptera;Carnoidea;Brachycera;fly;phytophagous/pollinator;generalist_diptera;2;;;Pselaphia;sp.;;;;;
Chloro.2;Chloropidae;Diptera;Carnoidea;Brachycera;fly;phytophagous/pollinator;generalist_diptera;2;;;Conioscinella;;;;;;
Chloro.3;Chloropidae;Diptera;Carnoidea;Brachycera;fly;phytophagous/pollinator;generalist_diptera;2;;;;;;;;;
Chloro.4;Chloropidae;Diptera;Carnoidea;Brachycera;fly;phytophagous/pollinator;generalist_diptera;2;;;;;;;;;
chloro.5;Chloropidae;Diptera;Carnoidea;Brachycera;fly;phytophagous/pollinator;generalist_diptera;2;;;;;;;;;
chloro.6;Chloropidae;Diptera;Carnoidea;Brachycera;fly;phytophagous/pollinator;generalist_diptera;2;;;;;;;;;
chloro.7;Chloropidae;Diptera;Carnoidea;Brachycera;fly;phytophagous/pollinator;generalist_diptera;2;;;;;;;;;
chloro.8;Chloropidae;Diptera;Carnoidea;Brachycera;fly;phytophagous/pollinator;generalist_diptera;2;;;;;;;;;
chloro.9;Chloropidae;Diptera;Carnoidea;Brachycera;fly;phytophagous/pollinator;generalist_diptera;2;;;;;;;;;
chloro.9;Chloropidae;Diptera;Carnoidea;Brachycera;fly;phytophagous/pollinator;generalist_diptera;2;;;;;;;;;
chloro.12;Chloropidae;Diptera;Carnoidea;Brachycera;fly;predator;predatory_diptera;2;;;;;;;;;
Milich.1;Milichiidae;Diptera;Carnoidea;Brachycera;fly;predator;predatory_diptera;2;;;;;;;;;
milich.10;Milichiidae;Diptera;Carnoidea;Brachycera;fly;predator;predatory_diptera;2;;;;;;;;;
Milich.2;Milichiidae;Diptera;Carnoidea;Brachycera;fly;predator;predatory_diptera;2;;;;;;;;;
Milich.3;Milichiidae;Diptera;Carnoidea;Brachycera;fly;predator;predatory_diptera;2;;;;;;;;;
Milich.4;Milichiidae;Diptera;Carnoidea;Brachycera;fly;predator;predatory_diptera;2;;;;;;;;;
Milich.5(3);Milichiidae;Diptera;Carnoidea;Brachycera;fly;predator;predatory_diptera;2;;;;;;;;;
milich.7;Milichiidae;Diptera;Carnoidea;Brachycera;fly;predator;predatory_diptera;2;;;;;;;;;
milich.8;Milichiidae;Diptera;Carnoidea;Brachycera;fly;predator;predatory_diptera;2;;;;;;;;;
milich.9;Milichiidae;Diptera;Carnoidea;Brachycera;fly;predator;predatory_diptera;2;;;;;;;;;
Carnid.1;Carnidae;Diptera;Carnoidea;Brachycera;fly;predator;predatory_diptera;;;;;;;;;;
Cerato.1;Ceratopogonidae;Diptera;Chironomoidea;Nematocera;fly;generalist;generalist_diptera;1;;Forcipomyiinae;Atrichopogon;;;;hematophagous/phytophagous/predator/pollinator;;
Cerato.2;Ceratopogonidae;Diptera;Chironomoidea;Nematocera;fly;generalist;generalist_diptera;1;;Forcipomyiinae;Atrichopogon;;;;hematophagous/phytophagous/predator/pollinator;;
Cerato.3;Ceratopogonidae;Diptera;Chironomoidea;Nematocera;fly;generalist;generalist_diptera;1;;;;;;;hematophagous/phytophagous/predator/pollinator;;
Cerato.4;Ceratopogonidae;Diptera;Chironomoidea;Nematocera;fly;generalist;generalist_diptera;1;;;;;;;hematophagous/phytophagous/predator/pollinator;;
Cerato.5;Ceratopogonidae;Diptera;Chironomoidea;Nematocera;fly;generalist;generalist_diptera;1;;;;;;;hematophagous/phytophagous/predator/pollinator;;
cerato.6;Ceratopogonidae;Diptera;Chironomoidea;Nematocera;fly;generalist;generalist_diptera;1;;;;;;;hematophagous/phytophagous/predator/pollinator;;
cerato.7;Ceratopogonidae;Diptera;Chironomoidea;Nematocera;fly;generalist;generalist_diptera;1;;;;;;;hematophagous/phytophagous/predator/pollinator;;
cerato.8;Ceratopogonidae;Diptera;Chironomoidea;Nematocera;fly;generalist;generalist_diptera;1;;;;;;;hematophagous/phytophagous/predator/pollinator;;
cerato.9;Ceratopogonidae;Diptera;Chironomoidea;Nematocera;fly;generalist;generalist_diptera;1;;;;;;;hematophagous/phytophagous/predator/pollinator;;
Dipter.13;Ceratopogonidae;Diptera;Chironomoidea;Nematocera;fly;generalist;generalist_diptera;1;;;;;;;hematophagous/phytophagous/predator/pollinator; (aff.);
chiron.1;Chironomidae;Diptera;Chironomoidea;Nematocera;fly;generalist;generalist_diptera;0;;;;;;;;;
chiron.2;Chironomidae;Diptera;Chironomoidea;Nematocera;fly;generalist;generalist_diptera;0;;;;;;;;;
chiron.3;Chironomidae;Diptera;Chironomoidea;Nematocera;fly;generalist;generalist_diptera;0;;;;;;;;;
dipter.4;Simulidae;Diptera;Chironomoidea;Nematocera;fly;generalist;generalist_diptera;0;;;;;;;;;
chaobo.1;Chaoboridae;Diptera;Culicoidea;Nematocera;fly;generalist;generalist_diptera;0;;;;;;;;;
chaobo.2;Chaoboridae;Diptera;Culicoidea;Nematocera;fly;generalist;generalist_diptera;0;;;;;;;;;
Coreth.1;Corethrellidae;Diptera;Culicoidea;Nematocera;fly;generalist;generalist_diptera;0;;;;;;;;;
culici.1;Culicidae;Diptera;Culicoidea;Nematocera;fly;generalist;generalist_diptera;0;;;;;;;;;
culici.2;Culicidae;Diptera;Culicoidea;Nematocera;fly;generalist;generalist_diptera;0;;;;;;;;;
Dolich.1;Dolichopodidae;Diptera;Empidoidea;Brachycera;fly;generalist;generalist_diptera;0;;;;;;;;;
dolich.2;Dolichopodidae;Diptera;Empidoidea;Brachycera;fly;generalist;generalist_diptera;0;;;;;;;;;
dolich.3;Dolichopodidae;Diptera;Empidoidea;Brachycera;fly;generalist;generalist_diptera;0;;;;;;;;;
ephydr.1;Ephydridae;Diptera;Ephydroidea;Brachycera;fly;predator;predatory_diptera;0;;;;;;;;;
Ephydr.2;Ephydridae;Diptera;Ephydroidea;Brachycera;fly;predator;predatory_diptera;0;;;;;;;;;
ephydr.3;Ephydridae;Diptera;Ephydroidea;Brachycera;fly;predator;predatory_diptera;0;;;;;;;;;
Ephyrd.1;Ephydridae;Diptera;Ephydroidea;Brachycera;fly;predator;predatory_diptera;0;;;;;;;;;
Drosop.1;Drosophilidae;Diptera;Ephydroidea;Brachycera;fly;generalist;generalist_diptera;0;;;;;;;;;
drosop.2;Drosophilidae;Diptera;Ephydroidea;Brachycera;fly;generalist;generalist_diptera;0;;;;;;;;;
drosop.3;Drosophilidae;Diptera;Ephydroidea;Brachycera;fly;generalist;generalist_diptera;0;;;;;;;;;
drosop.4;Drosophilidae;Diptera;Ephydroidea;Brachycera;fly;generalist;generalist_diptera;0;;;;;;;;;
drosop.5;Drosophilidae;Diptera;Ephydroidea;Brachycera;fly;generalist;generalist_diptera;0;;;;;;;;;
chamae.1;Chamaemyiidae;Diptera;Lauxanioidea;Brachycera;fly;predator;predatory_diptera;0;;;;;;;;;
lauxan.1;Lauxaniidae;Diptera;Lauxanioidea;Brachycera;fly;predator;predatory_diptera;0;;;;;;;;;
crypto.1;Cryptochetidae;Diptera;Lonchaeoidea;Brachycera;fly;generalist;generalist_diptera;0;;;;;;;;;
loncha.1;Lonchaeidae;Diptera;Lonchaeoidea;Brachycera;fly;generalist;generalist_diptera;0;;;;;;;;;
loncha.2;Lonchaeidae;Diptera;Lonchaeoidea;Brachycera;fly;generalist;generalist_diptera;0;;;;;;;;;
Muscid.1;Muscidae;Diptera;Muscoidea;Brachycera;fly;generalist;generalist_diptera;2;;;;;;;phytophagous/predator;;
Muscid.2;Muscidae;Diptera;Muscoidea;Brachycera;fly;generalist;generalist_diptera;2;;;;;;;phytophagous/predator;;
muscid.3;Muscidae;Diptera;Muscoidea;Brachycera;fly;generalist;generalist_diptera;2;;;;;;;phytophagous/predator;;
muscid.4;Muscidae;Diptera;Muscoidea;Brachycera;fly;generalist;generalist_diptera;1;;;;;;;phytophagous/predator;;
muscid.5;Muscidae;Diptera;Muscoidea;Brachycera;fly;generalist;generalist_diptera;1;;;;;;;phytophagous/predator;;
muscid.6;Muscidae;Diptera;Muscoidea;Brachycera;fly;generalist;generalist_diptera;1;;;;;;;phytophagous/predator;;
muscid.7;Muscidae;Diptera;Muscoidea;Brachycera;fly;generalist;generalist_diptera;1;;;;;;;phytophagous/predator;;
muscid.8;Muscidae;Diptera;Muscoidea;Brachycera;fly;generalist;generalist_diptera;1;;;;;;;phytophagous/predator;;
muscid.9;Muscidae;Diptera;Muscoidea;Brachycera;fly;generalist;generalist_diptera;1;;;;;;;phytophagous/predator;;
anthom.1;Anthomyiidae;Diptera;Muscoidea;Brachycera;fly;generalist;generalist_diptera;0;;;;;;;;;
anthom.2;Anthomyiidae;Diptera;Muscoidea;Brachycera;fly;generalist;generalist_diptera;0;;;;;;;;;
Dipter.15;Pseudopomyzidae;Diptera;Nerioidea;Brachycera;fly;generalist;generalist_diptera;0;;;;;;;;;
oestri.1;Oestridae;Diptera;Oestroidea;Brachycera;fly;generalist;generalist_diptera;0;;;;;;;;;
Callip.1;Calliphoridae;Diptera;Oestroidea;Brachycera;fly;pollinator;pollinator_diptera;2;;;;;;;nectar;;
calliph.1;Calliphoridae;Diptera;Oestroidea;Brachycera;fly;pollinator;pollinator_diptera;2;;;;;;;nectar;;
callop.1;Calliphoridae;Diptera;Oestroidea;Brachycera;fly;pollinator;pollinator_diptera;2;;;;;;;nectar;;
rhinii.2;Rhiniidae;Diptera;Oestroidea;Brachycera;fly;pollinator;pollinator_diptera;2;;;;;;;;;
rhinii.3;Rhiniidae;Diptera;Oestroidea;Brachycera;fly;pollinator;pollinator_diptera;2;;;;;;;;;
rhinii.4;Rhiniidae;Diptera;Oestroidea;Brachycera;fly;pollinator;pollinator_diptera;2;;;;;;;;;
Sarcop.1;Sarcophagidae;Diptera;Oestroidea;Brachycera;fly;pollinator;pollinator_diptera;2;;;;;;;;;
Sarcop.2;Sarcophagidae;Diptera;Oestroidea;Brachycera;fly;pollinator;pollinator_diptera;2;;;;;;;;;
Sarcop.3;Sarcophagidae;Diptera;Oestroidea;Brachycera;fly;pollinator;pollinator_diptera;2;;;;;;;;;
Sarcop.4;Sarcophagidae;Diptera;Oestroidea;Brachycera;fly;pollinator;pollinator_diptera;2;;;;;;;;;
sarcop.5;Sarcophagidae;Diptera;Oestroidea;Brachycera;fly;pollinator;pollinator_diptera;2;;;;;;;;;
Tachin.1;Tachinidae;Diptera;Oestroidea;Brachycera;fly;pollinator;pollinator_diptera;1;;;;;Y;;Calliphoridae;;
tachin.2;Tachinidae;Diptera;Oestroidea;Brachycera;fly;pollinator;pollinator_diptera;1;;;;;;;;;
tachin.3;Tachinidae;Diptera;Oestroidea;Brachycera;fly;pollinator;pollinator_diptera;1;;;;;;;;;
rhinop.1;Rhinophoridae;Diptera;Oestroidea;Brachycera;fly;parasitoid;pollinator_diptera;1;;;;;;;;;
odinii.1;Odiniidae;Diptera;Opomyzoidea;Brachycera;fly;generalist;generalist_diptera;0;;;;;;;wood/nectar;;
Dipter.1;Asteiidae;Diptera;Opomyzoidea;Brachycera;fly;generalist;generalist_diptera;0;;;;;;;wood/nectar;;
Phorid.1;Phoridae;Diptera;Platypezoidea;Brachycera;fly;parasitoid;parasitoid_diptera;0;;;;;;;;;
phorid.2;Phoridae;Diptera;Platypezoidea;Brachycera;fly;parasitoid;parasitoid_diptera;0;;;;;;;;;
phorid.3;Phoridae;Diptera;Platypezoidea;Brachycera;fly;parasitoid;parasitoid_diptera;0;;;;;;;;;
phorid.4;Phoridae;Diptera;Platypezoidea;Brachycera;fly;parasitoid;parasitoid_diptera;0;;;;;;;;;
phorid.5;Phoridae;Diptera;Platypezoidea;Brachycera;fly;parasitoid;parasitoid_diptera;0;;;;;;;;;
psycho.1;Psychodidae;Diptera;Psychodoidea;Nematocera;fly;diptera;diptera;1;;;;;;;;;
Cecido.1;Cecidomyiidae;Diptera;Sciaroidea;Nematocera;fly;generalist;generalist_diptera;1;Catotrichinae, Lestremiinae ou Micromyinae;;;;;;phytophagous/predator;;
Cecido.2;Cecidomyiidae;Diptera;Sciaroidea;Nematocera;fly;generalist;generalist_diptera;1;;;;;;;phytophagous/predator;;
Cecido.3;Cecidomyiidae;Diptera;Sciaroidea;Nematocera;fly;generalist;generalist_diptera;1;;;;;;;phytophagous/predator;;
cecido.4;Cecidomyiidae;Diptera;Sciaroidea;Nematocera;fly;generalist;generalist_diptera;1;;;;;;;phytophagous/predator;;
cecido.6;Cecidomyiidae;Diptera;Sciaroidea;Nematocera;fly;generalist;generalist_diptera;1;;;;;;;phytophagous/predator;;
cecido.7;Cecidomyiidae;Diptera;Sciaroidea;Nematocera;fly;generalist;generalist_diptera;1;;;;;;;phytophagous/predator;;
cecido.8;Cecidomyiidae;Diptera;Sciaroidea;Nematocera;fly;generalist;generalist_diptera;1;;;;;;;phytophagous/predator;;
cecido.5;Cecidomyiidae;Diptera;Sciaroidea;Nematocera;fly;generalist;generalist_diptera;1;;;;;;;phytophagous/predator;;
myceto.1;Mycetophilidae;Diptera;Sciaroidea;Nematocera;fly;diptera;diptera;0;;;;;;;;;
Sepsid.1;Sepsidae;Diptera;Sciomyzoidea;Brachycera;fly;predator;predatory_diptera;0;;;;;;;;;
Sepsid.2;Sepsidae;Diptera;Sciomyzoidea;Brachycera;fly;predator;predatory_diptera;0;;;;;;;;;
sepsid.3;Sepsidae;Diptera;Sciomyzoidea;Brachycera;fly;predator;predatory_diptera;0;;;;;;;;;
Strati.1;Stratiomyidae;Diptera;Stratiomyoidea;Brachycera;fly;diptera;diptera;0;;;;;;;;;
syrphi.1;Syrphidae;Diptera;Syrphoidea;Brachycera;fly;pollinator;pollinator_diptera;3;;;;;;;;;
syrphi.2;Syrphidae;Diptera;Syrphoidea;Brachycera;fly;pollinator;pollinator_diptera;3;;;;;;;;;
tephri.1;Tephritidae;Diptera;Tephritoidea;Brachycera;fly;phytophagous;phytophagous_diptera;1;;;Ceratitis;cosyra;;;;;
Tephri.2;Tephritidae;Diptera;Tephritoidea;Brachycera;fly;phytophagous;phytophagous_diptera;1;;;Dacus;ciliatus;;;;;
Tephri.3;Tephritidae;Diptera;Tephritoidea;Brachycera;fly;phytophagous;phytophagous_diptera;1;;;;;;;;;
tephri.4;Tephritidae;Diptera;Tephritoidea;Brachycera;fly;phytophagous;phytophagous_diptera;1;;;;;;;;;
tephri.5;Tephritidae;Diptera;Tephritoidea;Brachycera;fly;phytophagous;phytophagous_diptera;1;;;;;;;;;
tephri.5;Tephritidae;Diptera;Tephritoidea;Brachycera;fly;phytophagous;phytophagous_diptera;1;;;;;;;;;
Ulidii.1;Ulidiidae;Diptera;Tephritoidea;Brachycera;fly;generalist;generalist_diptera;0;;;;;;;;;
Dipter.14;;Diptera;;;fly;generalist;generalist_diptera;0;;;;;;;;;
dipter.15(à changer);;Diptera;;;fly;generalist;generalist_diptera;0;;;;;;;;;
dipter.17;;Diptera;;;fly;generalist;generalist_diptera;0;;;;;;;;;
dipter.18;;Diptera;;;fly;generalist;generalist_diptera;0;;;;;;;;;
diptera;;Diptera;;;fly;generalist;generalist_diptera;0;;;;;;;;;
nematocera;;Diptera;;Nematocera;fly;generalist;generalist_diptera;0;;;;;;;;;
betida.1;Baetidae;Ephemeroptera;Baetoidea;;Ephemeroptera;ephemeroptera;ephemeroptera;0;;;;;;;;;
aleyro.3;Aleyrodidae;Hemiptera;Aleyrodoidea;Sternorrhyncha;true_bug;phytophagous;phytophagous_hemiptera;0;;;;;;;;whitefly;
Aleyro.1;Aleyrodidae;Hemiptera;Aleyrodoidea;Sternorrhyncha;true_bug;phytophagous;phytophagous_hemiptera;0;;;;;;;;whitefly;
Aleyro.2;Aleyrodidae;Hemiptera;Aleyrodoidea;Sternorrhyncha;true_bug;phytophagous;phytophagous_hemiptera;0;;;;;;;;whitefly;
aphido.1;Aphididae;Hemiptera;Aphidoidea;Sternorrhyncha;true_bug;phytophagous;phytophagous_hemiptera;0;;;;;;;;aphid;
aphido.2;Aphididae;Hemiptera;Aphidoidea;Sternorrhyncha;true_bug;phytophagous;phytophagous_hemiptera;0;;;;;;;;aphid;
aphido.3;Aphididae;Hemiptera;Aphidoidea;Sternorrhyncha;true_bug;phytophagous;phytophagous_hemiptera;0;;;;;;;;aphid;
Cicado.1;Hemiptera;Hemiptera;Hemiptera;Auchenorrhyncha;true_bug;phytophagous;phytophagous_hemiptera;0;;;;;;;;Cicadomorpha;
anthoc.1;Anthocoridae;Hemiptera;Cimicoidea;Heteroptera;true_bug;phytophagous;phytophagous_hemiptera;0;;;;;;;;;
Coccoi.1;Hemiptera;Hemiptera;Coccoidea;Sternorrhyncha;true_bug;phytophagous;phytophagous_hemiptera;0;;;;;;;;;
achili.1;Achilidae;Hemiptera;Fulgoroidea;Auchenorrhyncha;true_bug;phytophagous;phytophagous_hemiptera;0;;;;;;;fluids;planthopper;
delpha.1;Delphacidae;Hemiptera;Fulgoroidea;Auchenorrhyncha;true_bug;phytophagous;phytophagous_hemiptera;0;;;;;;;fluids;planthopper;
delpha.2;Delphacidae;Hemiptera;Fulgoroidea;Auchenorrhyncha;true_bug;phytophagous;phytophagous_hemiptera;0;;;;;;;fluids;planthopper;
delpha.3;Delphacidae;Hemiptera;Fulgoroidea;Auchenorrhyncha;true_bug;phytophagous;phytophagous_hemiptera;0;;;;;;;fluids;planthopper;
Flatid.1;Flatidae;Hemiptera;Fulgoroidea;Auchenorrhyncha;true_bug;phytophagous;phytophagous_hemiptera;0;;;;;;;fluids;planthopper;
fulgor.2;Fulgoridae;Hemiptera;Fulgoroidea;Auchenorrhyncha;true_bug;phytophagous;phytophagous_hemiptera;0;;;;;;;fluids;planthopper;
kinnar.1;Kinnaridae;Hemiptera;Fulgoroidea;Auchenorrhyncha;true_bug;phytophagous;phytophagous_hemiptera;0;;;;;;;fluids;planthopper;
Fulgor.1;;Hemiptera;Fulgoroidea;Auchenorrhyncha;true_bug;phytophagous;phytophagous_hemiptera;0;;;;;;;fluids;planthopper;
hetero.1;Hemiptera;Hemiptera;;Heteroptera;true_bug;phytophagous;phytophagous_hemiptera;0;;;;;;;fluids;;
Beryti.1;Berytidae;Hemiptera;Lygaeoidea;Heteroptera;true_bug;phytophagous;phytophagous_hemiptera;2;;;;;;;fluids;;
lygae.2;Lygaeidae;Hemiptera;Lygaeoidea;Heteroptera;true_bug;phytophagous;phytophagous_hemiptera;2;;;;;;;fluids;;
lygaei.2;Lygaeidae;Hemiptera;Lygaeoidea;Heteroptera;true_bug;phytophagous;phytophagous_hemiptera;2;;;;;;;fluids;;
Lygaei.1;Lygaeidae;Hemiptera;Lygaeoidea;Heteroptera;true_bug;phytophagous;phytophagous_hemiptera;2;;;;;;;fluids;;
Lygaei.2;Lygaeidae;Hemiptera;Lygaeoidea;Heteroptera;true_bug;phytophagous;phytophagous_hemiptera;2;;;;;;;fluids;;
membra.1;;Hemiptera;Membracoidae;Auchenorrhyncha;true_bug;phytophagous;phytophagous_hemiptera;0;;;;;;;fluids;leafhopper;
Cicade.1;Cicadellidae;Hemiptera;Membracoidea;Auchenorrhyncha;true_bug;phytophagous;phytophagous_hemiptera;0;;;;;;;fluids;leafhopper;
cicade.2;Cicadellidae;Hemiptera;Membracoidea;Auchenorrhyncha;true_bug;phytophagous;phytophagous_hemiptera;0;;;;;;;fluids;leafhopper;
cicade.3;Cicadellidae;Hemiptera;Membracoidea;Auchenorrhyncha;true_bug;phytophagous;phytophagous_hemiptera;0;;;;;;;fluids;leafhopper;
cicade.4;Cicadellidae;Hemiptera;Membracoidea;Auchenorrhyncha;true_bug;phytophagous;phytophagous_hemiptera;0;;;;;;;fluids;leafhopper;
cicade.5;Cicadellidae;Hemiptera;Membracoidea;Auchenorrhyncha;true_bug;phytophagous;phytophagous_hemiptera;0;;;;;;;fluids;leafhopper;
cicade.6;Cicadellidae;Hemiptera;Membracoidea;Auchenorrhyncha;true_bug;phytophagous;phytophagous_hemiptera;0;;;;;;;fluids;leafhopper;
cicade.7;Cicadellidae;Hemiptera;Membracoidea;Auchenorrhyncha;true_bug;phytophagous;phytophagous_hemiptera;0;;;;;;;fluids;leafhopper;
cicade.9;Cidadelidae;Hemiptera;Membracoidea;Auchenorrhyncha;true_bug;phytophagous;phytophagous_hemiptera;0;;;;;;;fluids;leafhopper;
Mirida.1;Miridae;Hemiptera;Miroidea;Heteroptera;true_bug;phytophagous;phytophagous_hemiptera;1;;;;;;;fluids;mirid_bug;
Mirida.2;Miridae;Hemiptera;Miroidea;Heteroptera;true_bug;phytophagous;phytophagous_hemiptera;1;;;;;;;fluids;mirid_bug;
mirida.4;Miridae;Hemiptera;Miroidea;Heteroptera;true_bug;phytophagous;phytophagous_hemiptera;1;;;;;;;fluids;mirid_bug;
Mirida.5;Miridae;Hemiptera;Miroidea;Heteroptera;true_bug;phytophagous;phytophagous_hemiptera;1;;;;;;;fluids;mirid_bug;
mirida.6;Miridae;Hemiptera;Miroidea;Heteroptera;true_bug;phytophagous;phytophagous_hemiptera;1;;;;;;;fluids;mirid_bug;
mirida.7;Miridae;Hemiptera;Miroidea;Heteroptera;true_bug;phytophagous;phytophagous_hemiptera;1;;;;;;;fluids;mirid_bug;
mirida.8;Miridae;Hemiptera;Miroidea;Heteroptera;true_bug;phytophagous;phytophagous_hemiptera;1;;;;;;;fluids;mirid_bug;
mirida.9;Miridae;Hemiptera;Miroidea;Heteroptera;true_bug;phytophagous;phytophagous_hemiptera;1;;;;;;;fluids;mirid_bug;
mirida.9;Miridae;Hemiptera;Miroidea;Heteroptera;true_bug;phytophagous;phytophagous_hemiptera;1;;;;;;;fluids;mirid_bug;
mirida.10;Miridae;Hemiptera;Miroidea;Heteroptera;true_bug;phytophagous;phytophagous_hemiptera;1;;;;;;;fluids;mirid_bug;
tingid.1;Tingidae;Hemiptera;Miroidea;Heteroptera;true_bug;phytophagous;phytophagous_hemiptera;0;;;;;;;fluids;lace_bug;
tingid.2;Tingidae;Hemiptera;Miroidea;Heteroptera;true_bug;phytophagous;phytophagous_hemiptera;0;;;;;;;fluids;lace_bug;
Psyllo.1;;Hemiptera;Psylloidea;Sternorryncha;true_bug;phytophagous;phytophagous_hemiptera;0;;;;;;;fluids;;
Psyllo.2;;Hemiptera;Psylloidea;Sternorryncha;true_bug;phytophagous;phytophagous_hemiptera;0;;;;;;;fluids;;
psyllo.3;;Hemiptera;Psylloidea;Sternorryncha;true_bug;phytophagous;phytophagous_hemiptera;0;;;;;;;fluids;;
psyllo.3;;Hemiptera;Psylloidea;Sternorryncha;true_bug;phytophagous;phytophagous_hemiptera;0;;;;;;;fluids;;
sternoryncha;;Hemiptera;;Sternorryncha;true_bug;phytophagous;phytophagous_hemiptera;0;;;;;;;fluids;;
aradid.2;Aradidae ;Hemiptera;Aradoidea;Heteroptera;true_bug;phytophagous;phytophagous_hemiptera;0;;;;;;;fluids;;
aradid.1;Aradidae ;Hemiptera;Aradoidea;Heteroptera;true_bug;phytophagous;phytophagous_hemiptera;0;;;;;;;fluids;;
pentat.1;Pentatomidae;Hemiptera;Pentatomoidea;Heteroptera;true_bug;phytophagous;phytophagous_hemiptera;0;;;;;;;fluids;;
pentat.1;Pentatomidae;Hemiptera;Pentatomoidea;Heteroptera;true_bug;phytophagous;phytophagous_hemiptera;0;;;;;;;fluids;;
Hemipt.1;;Hemiptera;Hemiptera;;true_bug;phytophagous;phytophagous_hemiptera;0;;;;;;;fluids;;
Hemipt.2;;Hemiptera;Hemiptera;;true_bug;phytophagous;phytophagous_hemiptera;0;;;;;;;fluids;;
Insect.3;;Hemiptera;Hemiptera;;true_bug;phytophagous;phytophagous_hemiptera;0;;;;;;;fluids;;
Insect.4(puceron);;Hemiptera;Hemiptera;Heteroptera;true_bug;phytophagous;phytophagous_hemiptera;0;;;;;;;fluids;;
acrid.2;Acrididae;Orthoptera;;;grasshopper;phytophagous;phytophagous_orthoptera;0;;;;;;;;;
andren.1;Andrenidae;Hymenoptera;Apoidea;Apocrita;bee;pollinator;pollinator_hymenoptera;3;;;;;;;nectar/pollen;;
Apidae.1;Apidae;Hymenoptera;Apoidea;Apocrita;bee;pollinator;pollinator_hymenoptera;3;Apinae;;Apis;mellifera;Y;;nectar/pollen;;
Apidae.2;Apidae;Hymenoptera;Apoidea;Apocrita;bee;pollinator;pollinator_hymenoptera;3;Apinae;Anthophorini;Amegilla;;;;nectar/pollen;;
Apidae.4;Apidae;Hymenoptera;Apoidea;Apocrita;bee;pollinator;pollinator_hymenoptera;3;Xylocopinae;Allodapini;Braunsapis;;;;nectar/pollen;;
Apidae.5;Apidae;Hymenoptera;Apoidea;Apocrita;bee;pollinator;pollinator_hymenoptera;3;Xylocopinae;Ceratinini;Ceratina;;;;nectar/pollen;;
Apidae.6;Apidae;Hymenoptera;Apoidea;Apocrita;bee;pollinator;pollinator_hymenoptera;3;Xylocopinae;Allodapini;Compsomelissa;borneri;Y;;nectar/pollen;;
Apidae.7;Apidae;Hymenoptera;Apoidea;Apocrita;bee;pollinator;pollinator_hymenoptera;3;Apinae;Meliponini;;;;;nectar/pollen;;
apidae.8;Apidae;Hymenoptera;Apoidea;Apocrita;bee;pollinator;pollinator_hymenoptera;3;Xylocopinae;Ceratinini;;;;;nectar/pollen;;
Apidae.3;Apidae;Hymenoptera;Apoidea;Apocrita;bee;pollinator;pollinator_hymenoptera;3;Xylocopinae;Xylocopini;Xylocopa;;;;nectar/pollen;;
apidae.9;Apidae;Hymenoptera;Apoidea;Apocrita;bee;pollinator;pollinator_hymenoptera;3;;;;;;;nectar/pollen;;
Halic.15;Halictidae;Hymenoptera;Apoidea;Apocrita;bee;pollinator;pollinator_hymenoptera;3;;;;;;;nectar/pollen;;
Halict.1;Halictidae;Hymenoptera;Apoidea;Apocrita;bee;pollinator;pollinator_hymenoptera;3;Nomioidinae;;Nomioides;;;;nectar/pollen;;
Halict.12;Halictidae;Hymenoptera;Apoidea;Apocrita;bee;pollinator;pollinator_hymenoptera;3;;;Pseudapis;;Y;;nectar/pollen;;
Halict.13;Halictidae;Hymenoptera;Apoidea;Apocrita;bee;pollinator;pollinator_hymenoptera;3;;;;;;;nectar/pollen;;
Halict.14;Halictidae;Hymenoptera;Apoidea;Apocrita;bee;pollinator;pollinator_hymenoptera;3;;;;;;;nectar/pollen;;
Halict.16;Halictidae;Hymenoptera;Apoidea;Apocrita;bee;pollinator;pollinator_hymenoptera;3;;;;;;;nectar/pollen;;
Halict.17;Halictidae;Hymenoptera;Apoidea;Apocrita;bee;pollinator;pollinator_hymenoptera;3;Nomioidinae;;Ceylalictus;;;;nectar/pollen;;
halict.18;Halictidae;Hymenoptera;Apoidea;Apocrita;bee;pollinator;pollinator_hymenoptera;3;Nomioidinae;;Nomioides;;;;nectar/pollen;;
halict.19;Halictidae;Hymenoptera;Apoidea;Apocrita;bee;pollinator;pollinator_hymenoptera;3;;;;;;;nectar/pollen;;
Halict.2;Halictidae;Hymenoptera;Apoidea;Apocrita;bee;pollinator;pollinator_hymenoptera;3;Nomioidinae;;Nomioides;;;;nectar/pollen;;
Halict.3;Halictidae;Hymenoptera;Apoidea;Apocrita;bee;pollinator;pollinator_hymenoptera;3;;;Lasioglossum;;;;nectar/pollen;;
Halict.4;Halictidae;Hymenoptera;Apoidea;Apocrita;bee;pollinator;pollinator_hymenoptera;3;;;Lasioglossum;;Y;;nectar/pollen;;
Halict.5;Halictidae;Hymenoptera;Apoidea;Apocrita;bee;pollinator;pollinator_hymenoptera;3;;;;;;;nectar/pollen;;
Halict.7;Halictidae;Hymenoptera;Apoidea;Apocrita;bee;pollinator;pollinator_hymenoptera;3;Nomioidinae;;Ceylalictus;;;;nectar/pollen;;
halict.8;Halictidae;Hymenoptera;Apoidea;Apocrita;bee;pollinator;pollinator_hymenoptera;3;;;Halictus;;;;nectar/pollen;;
halict.20;Halictidae;Hymenoptera;Apoidea;Apocrita;bee;pollinator;pollinator_hymenoptera;3;;;;;;;nectar/pollen;;
halict.11;Halictidae;Hymenoptera;Apoidea;Apocrita;bee;pollinator;pollinator_hymenoptera;3;;;;;;;nectar/pollen;;
Megach.1;Megachilidae;Hymenoptera;Apoidea;Apocrita;bee;pollinator;pollinator_hymenoptera;3;;;;;;;nectar/pollen;;
Hymeno.10/halict.12;Halictidae;Hymenoptera;Apoidea;Apocrita;bee;pollinator;pollinator_hymenoptera;3;;;;;;;nectar/pollen;;
Hymeno.6/halict.14;Halictidae;Hymenoptera;Apoidea;Apocrita;bee;pollinator;pollinator_hymenoptera;3;;;;;;;nectar/pollen;;
Crabro.1;Crabronidae;Hymenoptera;Apoidea;Apocrita;wasp;predator;predatory_hymenoptera;2;Bembicinae;Bembicini;Bembix;;Y;;nectar/pollen;;
crabro.10;Crabronidae;Hymenoptera;Apoidea;Apocrita;wasp;predator;predatory_hymenoptera;2;;;;;;;nectar/pollen;;
crabro.11;Crabronidae;Hymenoptera;Apoidea;Apocrita;wasp;predator;predatory_hymenoptera;2;;;;;;;nectar/pollen;;
crabro.12;Crabronidae;Hymenoptera;Apoidea;Apocrita;wasp;predator;predatory_hymenoptera;2;;;;;Y;;nectar/pollen;Thynnidae;
crabro.13;Crabronidae;Hymenoptera;Apoidea;Apocrita;wasp;predator;predatory_hymenoptera;2;Philantinae;Cercerini;Cerceris;;Y;;nectar/pollen;;
crabro.14;Crabronidae;Hymenoptera;Apoidea;Apocrita;wasp;predator;predatory_hymenoptera;2;Philantinae;Cercerini;Cerceris;;Y;;nectar/pollen;;
crabro.15;Crabronidae;Hymenoptera;Apoidea;Apocrita;wasp;predator;predatory_hymenoptera;2;;;;;;;nectar/pollen;;
crabro.16;Crabronidae;Hymenoptera;Apoidea;Apocrita;wasp;predator;predatory_hymenoptera;2;;;;;;;nectar/pollen;;
crabro.17;Crabronidae;Hymenoptera;Apoidea;Apocrita;wasp;predator;predatory_hymenoptera;2;;;;;;;nectar/pollen;;
crabro.18;Crabronidae;Hymenoptera;Apoidea;Apocrita;wasp;predator;predatory_hymenoptera;2;;;;;;;nectar/pollen;;
Crabro.2;Crabronidae;Hymenoptera;Apoidea;Apocrita;wasp;predator;predatory_hymenoptera;2;;;Trypoxylon;;Y;;nectar/pollen;;
Crabro.20;Crabronidae;Hymenoptera;Apoidea;Apocrita;wasp;predator;predatory_hymenoptera;2;;;;;;;nectar/pollen;;
crabro.21;Crabronidae;Hymenoptera;Apoidea;Apocrita;wasp;predator;predatory_hymenoptera;2;;;;;;;nectar/pollen;;
Crabro.3;Crabronidae;Hymenoptera;Apoidea;Apocrita;wasp;predator;predatory_hymenoptera;2;Philantinae;Cercerini;Cerceris;;;;nectar/pollen;;
Crabro.4;Crabronidae;Hymenoptera;Apoidea;Apocrita;wasp;predator;predatory_hymenoptera;2;Philantinae;Cercerini;Cerceris;;Y;;nectar/pollen;;
Crabro.5;Crabronidae;Hymenoptera;Apoidea;Apocrita;wasp;predator;predatory_hymenoptera;2;;;;;;;nectar/pollen;;
Crabro.6;Crabronidae;Hymenoptera;Apoidea;Apocrita;wasp;predator;predatory_hymenoptera;2;;;;;;;nectar/pollen;;
crabro.8;Crabronidae;Hymenoptera;Apoidea;Apocrita;wasp;predator;predatory_hymenoptera;2;Crabroninae;Oxybelini;Oxybelus;;Y;;nectar/pollen;;
crabro.9;Crabronidae;Hymenoptera;Apoidea;Apocrita;wasp;predator;predatory_hymenoptera;2;Crabroninae;Oxybelini;Oxybelus;;Y;;nectar/pollen;;
crabro.22;Crabronidae;Hymenoptera;Apoidea;Apocrita;wasp;predator;predatory_hymenoptera;2;;;;;;;nectar/pollen;;
crabro.23;Crabronidae;Hymenoptera;Apoidea;Apocrita;wasp;predator;predatory_hymenoptera;2;;;;;;;nectar/pollen;;
crabro.24;Crabronidae;Hymenoptera;Apoidea;Apocrita;wasp;predator;predatory_hymenoptera;2;;;;;;;nectar/pollen;;
crabro.24;Crabronidae;Hymenoptera;Apoidea;Apocrita;wasp;predator;predatory_hymenoptera;2;;;;;;;nectar/pollen;;
Heterog.1;Heterogynaidae;Hymenoptera;Apoidea;Apocrita;wasp;predator;predatory_hymenoptera;2;;;;;;;nectar/pollen;;
Spheci.2;Sphecidae;Hymenoptera;Apoidea;Apocrita;wasp;predator;predatory_hymenoptera;2;Sceliphrinae;Sceliphrinae;Sceliphron;;;;nectar/pollen;;
Spheci.1;Sphecidae;Hymenoptera;Apoidea;Apocrita;wasp;predator;predatory_hymenoptera;2;;;Ammophila (aff.);;;;nectar/pollen;;
spheci.4;Sphecidae;Hymenoptera;Apoidea;Apocrita;wasp;predator;predatory_hymenoptera;2;;;;;;;nectar/pollen;;
spheci.3;Sphecidae;Hymenoptera;Apoidea;Apocrita;wasp;predator;predatory_hymenoptera;2;;;;;;;nectar/pollen;;
Ceraph.1;Ceraphronidae;Hymenoptera;Ceraphronoidea;Apocrita;wasp;parasitoid;parasitoid_hymenoptera;0;;;;;;;insect;;
ceraph.2;Ceraphronidae;Hymenoptera;Ceraphronoidea;Apocrita;wasp;parasitoid;parasitoid_hymenoptera;0;;;;;;;insect;;
ceraph.3;Ceraphronidae;Hymenoptera;Ceraphronoidea;Apocrita;wasp;parasitoid;parasitoid_hymenoptera;0;;;;;;;insect;;
ceraph.4;Ceraphronidae;Hymenoptera;Ceraphronoidea;Apocrita;wasp;parasitoid;parasitoid_hymenoptera;0;;;;;;;insect;;
Megasp.2;Megaspilidae;Hymenoptera;Ceraphronoidea;Apocrita;wasp;parasitoid;parasitoid_hymenoptera;0;;;;;;;insect;;
Megasp.1;Megaspilidae;Hymenoptera;Ceraphronoidea;Apocrita;wasp;parasitoid;parasitoid_hymenoptera;0;;;;;;;insect;;
aphel.5;Aphelinidae;Hymenoptera;Chalcidoidea;Apocrita;wasp;parasitoid;parasitoid_hymenoptera;0;;;;;;;sternorrhyncha;;
apheli.1;Aphelinidae;Hymenoptera;Chalcidoidea;Apocrita;wasp;parasitoid;parasitoid_hymenoptera;0;;;;;;;sternorrhyncha;;
Apheli.2;Aphelinidae;Hymenoptera;Chalcidoidea;Apocrita;wasp;parasitoid;parasitoid_hymenoptera;0;;;;;;;sternorrhyncha;;
Apheli.3;Aphelinidae;Hymenoptera;Chalcidoidea;Apocrita;wasp;parasitoid;parasitoid_hymenoptera;0;;;;;;;sternorrhyncha;;
apheli.4;Aphelinidae;Hymenoptera;Chalcidoidea;Apocrita;wasp;parasitoid;parasitoid_hymenoptera;0;;;;;;;sternorrhyncha;;
apheli.6;Aphelinidae;Hymenoptera;Chalcidoidea;Apocrita;wasp;parasitoid;parasitoid_hymenoptera;0;;;;;;;sternorrhyncha;;
Chalci.1;Chalcididae;Hymenoptera;Chalcidoidea;Apocrita;wasp;parasitoid;parasitoid_hymenoptera;0;;;;;;;;;
Chalci.3;Chalcididae;Hymenoptera;Chalcidoidea;Apocrita;wasp;parasitoid;parasitoid_hymenoptera;0;;;;;;;;;
Chalci.4;Chalcididae;Hymenoptera;Chalcidoidea;Apocrita;wasp;parasitoid;parasitoid_hymenoptera;0;;;;;;;;;
chalci.6;Chalcididae;Hymenoptera;Chalcidoidea;Apocrita;wasp;parasitoid;parasitoid_hymenoptera;0;;;;;;;;;
chalci.7;Chalcididae;Hymenoptera;Chalcidoidea;Apocrita;wasp;parasitoid;parasitoid_hymenoptera;0;;;;;;;;;
Chalcid.2;Chalcididae;Hymenoptera;Chalcidoidea;Apocrita;wasp;parasitoid;parasitoid_hymenoptera;0;;;;;;;;;
Chalcid.5;Chalcididae;Hymenoptera;Chalcidoidea;Apocrita;wasp;parasitoid;parasitoid_hymenoptera;0;;;;;;;;;
chrysol.1;Chrysolampidae;Hymenoptera;Chalcidoidea;Apocrita;wasp;parasitoid;parasitoid_hymenoptera;0;;;;;;;;;
chrysol.2;Chrysolampidae;Hymenoptera;Chalcidoidea;Apocrita;wasp;parasitoid;parasitoid_hymenoptera;0;;;;;;;;;
cleonym.1;Cleonymidae;Hymenoptera;Chalcidoidea;Apocrita;wasp;parasitoid;parasitoid_hymenoptera;0;;;;;;;;;
Encyrt.1;Encyrtidae;Hymenoptera;Chalcidoidea;Apocrita;wasp;parasitoid;parasitoid_hymenoptera;0;;;;;;;;;
encyrt.10;Encyrtidae;Hymenoptera;Chalcidoidea;Apocrita;wasp;parasitoid;parasitoid_hymenoptera;0;;;;;;;;;
encyrt.11;Encyrtidae;Hymenoptera;Chalcidoidea;Apocrita;wasp;parasitoid;parasitoid_hymenoptera;0;;;;;;;;;
encyrt.13;Encyrtidae;Hymenoptera;Chalcidoidea;Apocrita;wasp;parasitoid;parasitoid_hymenoptera;0;;;;;;;;;
encyrt.14;Encyrtidae;Hymenoptera;Chalcidoidea;Apocrita;wasp;parasitoid;parasitoid_hymenoptera;0;;;;;;;;;
encyrt.15;Encyrtidae;Hymenoptera;Chalcidoidea;Apocrita;wasp;parasitoid;parasitoid_hymenoptera;0;;;;;;;;;
encyrt.16;Encyrtidae;Hymenoptera;Chalcidoidea;Apocrita;wasp;parasitoid;parasitoid_hymenoptera;0;;;;;;;;;
encyrt.2;Encyrtidae;Hymenoptera;Chalcidoidea;Apocrita;wasp;parasitoid;parasitoid_hymenoptera;0;;;;;;;;;
encyrt.3;Encyrtidae;Hymenoptera;Chalcidoidea;Apocrita;wasp;parasitoid;parasitoid_hymenoptera;0;;;;;;;;;
encyrt.4;Encyrtidae;Hymenoptera;Chalcidoidea;Apocrita;wasp;parasitoid;parasitoid_hymenoptera;0;;;;;;;;;
encyrt.5;Encyrtidae;Hymenoptera;Chalcidoidea;Apocrita;wasp;parasitoid;parasitoid_hymenoptera;0;;;;;;;;;
encyrt.6;Encyrtidae;Hymenoptera;Chalcidoidea;Apocrita;wasp;parasitoid;parasitoid_hymenoptera;0;;;;;;;;;
encyrt.7;Encyrtidae;Hymenoptera;Chalcidoidea;Apocrita;wasp;parasitoid;parasitoid_hymenoptera;0;;;;;;;;;
encyrt.8;Encyrtidae;Hymenoptera;Chalcidoidea;Apocrita;wasp;parasitoid;parasitoid_hymenoptera;0;;;;;;;;;
encyrt.9;Encyrtidae;Hymenoptera;Chalcidoidea;Apocrita;wasp;parasitoid;parasitoid_hymenoptera;0;;;;;;;;;
Euloph.1;Eulophidae;Hymenoptera;Chalcidoidea;Apocrita;wasp;parasitoid;parasitoid_hymenoptera;0;;;;;;;;;
euloph.10;Eulophidae;Hymenoptera;Chalcidoidea;Apocrita;wasp;parasitoid;parasitoid_hymenoptera;0;;;;;;;;;
euloph.11;Eulophidae;Hymenoptera;Chalcidoidea;Apocrita;wasp;parasitoid;parasitoid_hymenoptera;0;;;;;;;;;
euloph.12;Eulophidae;Hymenoptera;Chalcidoidea;Apocrita;wasp;parasitoid;parasitoid_hymenoptera;0;;;;;;;;;
euloph.13;Eulophidae;Hymenoptera;Chalcidoidea;Apocrita;wasp;parasitoid;parasitoid_hymenoptera;0;;;;;;;;;
euloph.14;Eulophidae;Hymenoptera;Chalcidoidea;Apocrita;wasp;parasitoid;parasitoid_hymenoptera;0;;;;;;;;;
euloph.15;Eulophidae;Hymenoptera;Chalcidoidea;Apocrita;wasp;parasitoid;parasitoid_hymenoptera;0;;;;;;;;;
euloph.16;Eulophidae;Hymenoptera;Chalcidoidea;Apocrita;wasp;parasitoid;parasitoid_hymenoptera;0;;;;;;;;;
euloph.17;Eulophidae;Hymenoptera;Chalcidoidea;Apocrita;wasp;parasitoid;parasitoid_hymenoptera;0;;;;;;;;;
euloph.18;Eulophidae;Hymenoptera;Chalcidoidea;Apocrita;wasp;parasitoid;parasitoid_hymenoptera;0;;;;;;;;;
Euloph.2;Eulophidae;Hymenoptera;Chalcidoidea;Apocrita;wasp;parasitoid;parasitoid_hymenoptera;0;;;;;;;;;
Euloph.3;Eulophidae;Hymenoptera;Chalcidoidea;Apocrita;wasp;parasitoid;parasitoid_hymenoptera;0;;;;;;;;;
Euloph.4;Eulophidae;Hymenoptera;Chalcidoidea;Apocrita;wasp;parasitoid;parasitoid_hymenoptera;0;;;;;;;;;
Euloph.5;Eulophidae;Hymenoptera;Chalcidoidea;Apocrita;wasp;parasitoid;parasitoid_hymenoptera;0;;;;;;;;;
euloph.6;Eulophidae;Hymenoptera;Chalcidoidea;Apocrita;wasp;parasitoid;parasitoid_hymenoptera;0;Ditropinotellinae;;Ditropinotella;;;;;;
euloph.7;Eulophidae;Hymenoptera;Chalcidoidea;Apocrita;wasp;parasitoid;parasitoid_hymenoptera;0;;;;;;;;;
euloph.8;Eulophidae;Hymenoptera;Chalcidoidea;Apocrita;wasp;parasitoid;parasitoid_hymenoptera;0;;;;;;;;;
euloph.9;Eulophidae;Hymenoptera;Chalcidoidea;Apocrita;wasp;parasitoid;parasitoid_hymenoptera;0;;;;;;;;;
euloph.19;Eulophidae;Hymenoptera;Chalcidoidea;Apocrita;wasp;parasitoid;parasitoid_hymenoptera;0;;;;;;;;;
Eupelm.1;Eupelmidae;Hymenoptera;Chalcidoidea;Apocrita;wasp;parasitoid;parasitoid_hymenoptera;0;;;;;;;;;
eupelm.10;Eupelmidae;Hymenoptera;Chalcidoidea;Apocrita;wasp;parasitoid;parasitoid_hymenoptera;0;;;;;;;;;
eupelm.11;Eupelmidae;Hymenoptera;Chalcidoidea;Apocrita;wasp;parasitoid;parasitoid_hymenoptera;0;;;;;;;;;
eupelm.12;Eupelmidae;Hymenoptera;Chalcidoidea;Apocrita;wasp;parasitoid;parasitoid_hymenoptera;0;;;;;;;;;
eupelm.13;Eupelmidae;Hymenoptera;Chalcidoidea;Apocrita;wasp;parasitoid;parasitoid_hymenoptera;0;;;;;;;;;
eupelm.14;Eupelmidae;Hymenoptera;Chalcidoidea;Apocrita;wasp;parasitoid;parasitoid_hymenoptera;0;;;;;;;;;
Eupelm.2;Eupelmidae;Hymenoptera;Chalcidoidea;Apocrita;wasp;parasitoid;parasitoid_hymenoptera;0;;;;;;;;;
Eupelm.3;Eupelmidae;Hymenoptera;Chalcidoidea;Apocrita;wasp;parasitoid;parasitoid_hymenoptera;0;;;;;;;;;
Eupelm.4;Eupelmidae;Hymenoptera;Chalcidoidea;Apocrita;wasp;parasitoid;parasitoid_hymenoptera;0;;;;;;;;;
Eupelm.5;Eupelmidae;Hymenoptera;Chalcidoidea;Apocrita;wasp;parasitoid;parasitoid_hymenoptera;0;;;;;;;;;
Eupelm.6;Eupelmidae;Hymenoptera;Chalcidoidea;Apocrita;wasp;parasitoid;parasitoid_hymenoptera;0;;;;;;;;;
eupelm.7;Eupelmidae;Hymenoptera;Chalcidoidea;Apocrita;wasp;parasitoid;parasitoid_hymenoptera;0;;;;;;;;;
eupelm.8;Eupelmidae;Hymenoptera;Chalcidoidea;Apocrita;wasp;parasitoid;parasitoid_hymenoptera;0;;;;;;;;;
eupelm.9;Eupelmidae;Hymenoptera;Chalcidoidea;Apocrita;wasp;parasitoid;parasitoid_hymenoptera;0;;;;;;;;;
eupelm.8;Eupelmidae;Hymenoptera;Chalcidoidea;Apocrita;wasp;parasitoid;parasitoid_hymenoptera;0;;;;;;;;;
Euryto.1;Eurytomidae;Hymenoptera;Chalcidoidea;Apocrita;wasp;parasitoid;parasitoid_hymenoptera;0;;;;;;;;;
euryto.2;Eurytomidae;Hymenoptera;Chalcidoidea;Apocrita;wasp;parasitoid;parasitoid_hymenoptera;0;;;;;;;;;
euryto.3;Eurytomidae;Hymenoptera;Chalcidoidea;Apocrita;wasp;parasitoid;parasitoid_hymenoptera;0;;;;;;;;;
eutric.1;Eutrichosomatidae;Hymenoptera;Chalcidoidea;Apocrita;wasp;parasitoid;parasitoid_hymenoptera;0;;;;;;;;;
mymari.1;Mymaridae;Hymenoptera;Chalcidoidea;Apocrita;wasp;parasitoid;parasitoid_hymenoptera;0;;;;;;;;;
Ormyri.1;Ormyridae;Hymenoptera;Chalcidoidea;Apocrita;wasp;parasitoid;parasitoid_hymenoptera;0;;;;;;;;;
ormyri.2;Ormyridae;Hymenoptera;Chalcidoidea;Apocrita;wasp;parasitoid;parasitoid_hymenoptera;0;;;;;;;;;
perila.1;Perilampidae;Hymenoptera;Chalcidoidea;Apocrita;wasp;parasitoid;parasitoid_hymenoptera;0;;;;;;;;;
Perila.2;Perilampidae;Hymenoptera;Chalcidoidea;Apocrita;wasp;parasitoid;parasitoid_hymenoptera;0;;;;;;;;;
perila.4;Perilampidae;Hymenoptera;Chalcidoidea;Apocrita;wasp;parasitoid;parasitoid_hymenoptera;0;;;;;;;;;
perila.3;Perilampidae;Hymenoptera;Chalcidoidea;Apocrita;wasp;parasitoid;parasitoid_hymenoptera;0;;;;;;;;;
Pterom.1(platyg);Pteromalidae;Hymenoptera;Chalcidoidea;Apocrita;wasp;parasitoid;parasitoid_hymenoptera;0;;;;;;;;;
pterom.10;Pteromalidae;Hymenoptera;Chalcidoidea;Apocrita;wasp;parasitoid;parasitoid_hymenoptera;0;;;;;;;;;
Pterom.2;Pteromalidae;Hymenoptera;Chalcidoidea;Apocrita;wasp;parasitoid;parasitoid_hymenoptera;0;;;;;;;;;
pterom.4;Pteromalidae;Hymenoptera;Chalcidoidea;Apocrita;wasp;parasitoid;parasitoid_hymenoptera;0;;;;;;;;;
pterom.5;Pteromalidae;Hymenoptera;Chalcidoidea;Apocrita;wasp;parasitoid;parasitoid_hymenoptera;0;;;;;;;;;
pterom.6;Pteromalidae;Hymenoptera;Chalcidoidea;Apocrita;wasp;parasitoid;parasitoid_hymenoptera;0;;;;;;;;;
pterom.7;Pteromalidae;Hymenoptera;Chalcidoidea;Apocrita;wasp;parasitoid;parasitoid_hymenoptera;0;;;;;;;;;
pterom.7;Pteromalidae;Hymenoptera;Chalcidoidea;Apocrita;wasp;parasitoid;parasitoid_hymenoptera;0;;;;;;;;;
pterom.8;Pteromalidae;Hymenoptera;Chalcidoidea;Apocrita;wasp;parasitoid;parasitoid_hymenoptera;0;;;;;;;;;
pterom.9;Pteromalidae;Hymenoptera;Chalcidoidea;Apocrita;wasp;parasitoid;parasitoid_hymenoptera;0;;;;;;;;;
pterom.11;Pteromalidae;Hymenoptera;Chalcidoidea;Apocrita;wasp;parasitoid;parasitoid_hymenoptera;0;;;;;;;;;
signip.1;Signiphoridae;Hymenoptera;Chalcidoidea;Apocrita;wasp;parasitoid;parasitoid_hymenoptera;0;Signiphorinae;;;;;;;;
signip.2;Signiphoridae;Hymenoptera;Chalcidoidea;Apocrita;wasp;parasitoid;parasitoid_hymenoptera;0;Azotinae;;;;;;;;
Tetrac.1;Tetracampidae;Hymenoptera;Chalcidoidea;Apocrita;wasp;parasitoid;parasitoid_hymenoptera;0;Tetracampinae;;;;;;;;
Tetrac.3;Tetracampidae;Hymenoptera;Chalcidoidea;Apocrita;wasp;parasitoid;parasitoid_hymenoptera;0;Tetracampinae;;;;;;;;
Tetrac.4;Tetracampidae;Hymenoptera;Chalcidoidea;Apocrita;wasp;parasitoid;parasitoid_hymenoptera;0;;;;;;;;;
Tetrac.5;Tetracampidae;Hymenoptera;Chalcidoidea;Apocrita;wasp;parasitoid;parasitoid_hymenoptera;0;;;;;;;;;
tetrac.6;Tetracampidae;Hymenoptera;Chalcidoidea;Apocrita;wasp;parasitoid;parasitoid_hymenoptera;0;;;;;;;;;
tetrac.7;Tetracampidae;Hymenoptera;Chalcidoidea;Apocrita;wasp;parasitoid;parasitoid_hymenoptera;0;;;;;;;;;
tetrac.8;Tetracampidae;Hymenoptera;Chalcidoidea;Apocrita;wasp;parasitoid;parasitoid_hymenoptera;0;;;;;;;;;
torymi.1;Torymidae;Hymenoptera;Chalcidoidea;Apocrita;wasp;parasitoid;parasitoid_hymenoptera;0;;;;;;;;;
tricho.1;Trichogrammatidae;Hymenoptera;Chalcidoidea;Apocrita;wasp;parasitoid;parasitoid_hymenoptera;0;;;;;;;;;
tricho.2;Trichogrammatidae;Hymenoptera;Chalcidoidea;Apocrita;wasp;parasitoid;parasitoid_hymenoptera;0;;;;;;;;;
chalcidoidea;;Hymenoptera;Chalcidoidea;Apocrita;wasp;parasitoid;parasitoid_hymenoptera;0;;;;;;;;;
Hymeno.8/chalcidoidea;;Hymenoptera;Chalcidoidea;Apocrita;wasp;parasitoid;parasitoid_hymenoptera;0;;;;;;;;;
perila.3;Perilampidae;Hymenoptera;Chalcidoidea;Apocrita;wasp;parasitoid;parasitoid_hymenoptera;0;photo mais pas dans la base (KBAL13);;;;;;;;
Bethyl.1;Bethylidae;Hymenoptera;Chrysidoidea;Apocrita;wasp;parasitoid;parasitoid_hymenoptera;0;;;;;;;;;
bethyl.10;Bethylidae;Hymenoptera;Chrysidoidea;Apocrita;wasp;parasitoid;parasitoid_hymenoptera;0;;;;;;;;;
bethyl.11;Bethylidae;Hymenoptera;Chrysidoidea;Apocrita;wasp;parasitoid;parasitoid_hymenoptera;0;;;;;;;;;
Bethyl.2;Bethylidae;Hymenoptera;Chrysidoidea;Apocrita;wasp;parasitoid;parasitoid_hymenoptera;0;;;;;;;;;
Bethyl.3;Bethylidae;Hymenoptera;Chrysidoidea;Apocrita;wasp;parasitoid;parasitoid_hymenoptera;0;;;;;;;;;
Bethyl.4;Bethylidae;Hymenoptera;Chrysidoidea;Apocrita;wasp;parasitoid;parasitoid_hymenoptera;0;;;;;;;;;
bethyl.5;Bethylidae;Hymenoptera;Chrysidoidea;Apocrita;wasp;parasitoid;parasitoid_hymenoptera;0;;;;;;;;;
Bethyl.5;Bethylidae;Hymenoptera;Chrysidoidea;Apocrita;wasp;parasitoid;parasitoid_hymenoptera;0;;;;;;;;;
bethyl.8;Bethylidae;Hymenoptera;Chrysidoidea;Apocrita;wasp;parasitoid;parasitoid_hymenoptera;0;;;;;;;;;
bethyl.9;Bethylidae;Hymenoptera;Chrysidoidea;Apocrita;wasp;parasitoid;parasitoid_hymenoptera;0;;;;;;;;;
betyhl.7;Bethylidae;Hymenoptera;Chrysidoidea;Apocrita;wasp;parasitoid;parasitoid_hymenoptera;0;;;;;;;;;
bethyl.12;Bethylidae;Hymenoptera;Chrysidoidea;Apocrita;wasp;parasitoid;parasitoid_hymenoptera;0;;;;;;;;;
Chrysi.1;Chrysididae;Hymenoptera;Chrysidoidea;Apocrita;wasp;parasitoid;parasitoid_hymenoptera;0;;;;;;;;;
Chrysi.2;Chrysididae;Hymenoptera;Chrysidoidea;Apocrita;wasp;parasitoid;parasitoid_hymenoptera;0;;;;;;;;;
Dryini.1;Dryinididae;Hymenoptera;Chrysidoidea;Apocrita;wasp;parasitoid;parasitoid_hymenoptera;0;;;;;;;;;
diapar.1;Diapriidae;Hymenoptera;Diaprioidea;Apocrita;wasp;parasitoid;parasitoid_hymenoptera;0;;;;;;;;;
gaster.1;Gasteruptiidae;Hymenoptera;Evanioidea;Apocrita;wasp;parasitoid;parasitoid_hymenoptera;0;;;;;;;;;
Formic.1;Formicidae;Hymenoptera;Formicoidea;Apocrita;ant;generalist;generalist_hymenoptera;0;Myrmicinae;;Monomorium;salomonis;;;;;
Formic.10;Formicidae;Hymenoptera;Formicoidea;Apocrita;ant;generalist;generalist_hymenoptera;0;Formicinae;;Lepisiota;;;;;;
Formic.11;Formicidae;Hymenoptera;Formicoidea;Apocrita;ant;generalist;generalist_hymenoptera;0;Formicinae;;Lepisiota;sp;;;;;
Formic.12;Formicidae;Hymenoptera;Formicoidea;Apocrita;ant;generalist;generalist_hymenoptera;0;Formicinae;;Lepisiota;;;;;;
Formic.13;Formicidae;Hymenoptera;Formicoidea;Apocrita;ant;generalist;generalist_hymenoptera;0;Pseudomyrmecinae;;Tetraponera;;;;;;
Formic.14;Formicidae;Hymenoptera;Formicoidea;Apocrita;ant;generalist;generalist_hymenoptera;0;Formicinae;;Lepisiota;;;;;;
formic.15;Formicidae;Hymenoptera;Formicoidea;Apocrita;ant;generalist;generalist_hymenoptera;0;Formicinae;;Polyrhachis ;viscosa;;;;;
Formic.16;Formicidae;Hymenoptera;Formicoidea;Apocrita;ant;generalist;generalist_hymenoptera;0;Myrmicinae;;Crematogaster;sp.;;;;;
Formic.17;Formicidae;Hymenoptera;Formicoidea;Apocrita;ant;generalist;generalist_hymenoptera;0;Pseudomyrmecinae;;;;;;;;
formic.18;Formicidae;Hymenoptera;Formicoidea;Apocrita;ant;generalist;generalist_hymenoptera;0;Pseudomyrmecinae;;;;;;;;
formic.19;Formicidae;Hymenoptera;Formicoidea;Apocrita;ant;generalist;generalist_hymenoptera;0;Formicinae;;Lepisiota(aff);;;;;;
Formic.2;Formicidae;Hymenoptera;Formicoidea;Apocrita;ant;generalist;generalist_hymenoptera;0;Formicinae;;Camponotus;abjectus;;;;;
Formic.20;Formicidae;Hymenoptera;Formicoidea;Apocrita;ant;generalist;generalist_hymenoptera;0;;;;;;;;;
Formic.21;Formicidae;Hymenoptera;Formicoidea;Apocrita;ant;generalist;generalist_hymenoptera;0;Pseudomyrmicinae;;;;;;;;
Formic.3;Formicidae;Hymenoptera;Formicoidea;Apocrita;ant;generalist;generalist_hymenoptera;0;Myrmicinae;;Crematogaster;sp.;;;;;
Formic.4;Formicidae;Hymenoptera;Formicoidea;Apocrita;ant;generalist;generalist_hymenoptera;0;Myrmicinae;;Monomorium;areniphilum;;;;;
Formic.5;Formicidae;Hymenoptera;Formicoidea;Apocrita;ant;generalist;generalist_hymenoptera;0;Myrmicinae;;Tetramorium;sericeiventre (aff);;;;;
Formic.6;Formicidae;Hymenoptera;Formicoidea;Apocrita;ant;generalist;generalist_hymenoptera;0;Myrmicinae;;Pheidole;sp.;;;;;
Formic.7;Formicidae;Hymenoptera;Formicoidea;Apocrita;ant;generalist;generalist_hymenoptera;0;Myrmicinae;;Trichomyrmex;Trichomyrmex abyssinicus;;;;;
Formic.8;Formicidae;Hymenoptera;Formicoidea;Apocrita;ant;generalist;generalist_hymenoptera;0;Myrmicinae;;Monomorium;bicolor;;;;;
Formic.9;Formicidae;Hymenoptera;Formicoidea;Apocrita;ant;generalist;generalist_hymenoptera;0;Myrmicinae;;Monomorium;balathir;;;;;
formic.22;Formicidae;Hymenoptera;Formicoidea;Apocrita;ant;generalist;generalist_hymenoptera;0;;;;;;;;;
Bracon.1;Braconidae;Hymenoptera;Ichneumonoidea;Apocrita;wasp;parasitoid;parasitoid_hymenoptera;2;Micrograstinae;;;;Y;;;;
Bracon.10;Braconidae;Hymenoptera;Ichneumonoidea;Apocrita;wasp;parasitoid;parasitoid_hymenoptera;2;;;;;;;;;
bracon.11;Braconidae;Hymenoptera;Ichneumonoidea;Apocrita;wasp;parasitoid;parasitoid_hymenoptera;2;;;;;;;;;
bracon.12;Braconidae;Hymenoptera;Ichneumonoidea;Apocrita;wasp;parasitoid;parasitoid_hymenoptera;2;;;;;;;;;
bracon.13;Braconidae;Hymenoptera;Ichneumonoidea;Apocrita;wasp;parasitoid;parasitoid_hymenoptera;2;;;;;;;;;
bracon.14;Braconidae;Hymenoptera;Ichneumonoidea;Apocrita;wasp;parasitoid;parasitoid_hymenoptera;2;;;;;;;;;
Bracon.4;Braconidae;Hymenoptera;Ichneumonoidea;Apocrita;wasp;parasitoid;parasitoid_hymenoptera;2;Micrograstinae;;;;Y;;;;
Bracon.5;Braconidae;Hymenoptera;Ichneumonoidea;Apocrita;wasp;parasitoid;parasitoid_hymenoptera;2;;;;;Y;;;;
Bracon.6;Braconidae;Hymenoptera;Ichneumonoidea;Apocrita;wasp;parasitoid;parasitoid_hymenoptera;2;;;;;;;;;
Bracon.7;Braconidae;Hymenoptera;Ichneumonoidea;Apocrita;wasp;parasitoid;parasitoid_hymenoptera;2;;;;;Y;;;;
Bracon.8;Braconidae;Hymenoptera;Ichneumonoidea;Apocrita;wasp;parasitoid;parasitoid_hymenoptera;2;;;;;;;;;
Bracon.9;Braconidae;Hymenoptera;Ichneumonoidea;Apocrita;wasp;parasitoid;parasitoid_hymenoptera;2;;;;;;;;;
bracon.16;Braconidae;Hymenoptera;Ichneumonoidea;Apocrita;wasp;parasitoid;parasitoid_hymenoptera;2;;;;;;;;;
bracon.17;Braconidae;Hymenoptera;Ichneumonoidea;Apocrita;wasp;parasitoid;parasitoid_hymenoptera;2;;;;;;;;;
bracon.18;Braconidae;Hymenoptera;Ichneumonoidea;Apocrita;wasp;parasitoid;parasitoid_hymenoptera;2;;;;;;;;;
ichneu.3;Ichneumonidae;Hymenoptera;Ichneumonoidea;Apocrita;wasp;parasitoid;parasitoid_hymenoptera;1;;;;;;;;;
ichneu.4;Ichneumonidae;Hymenoptera;Ichneumonoidea;Apocrita;wasp;parasitoid;parasitoid_hymenoptera;1;;;;;;;;;
Ichneu.1;Ichneumonidae;Hymenoptera;Ichneumonoidea;Apocrita;wasp;parasitoid;parasitoid_hymenoptera;1;Cremastinae;;;;;;;;
Ichneu.2;Ichneumonidae;Hymenoptera;Ichneumonoidea;Apocrita;wasp;parasitoid;parasitoid_hymenoptera;1;Cremastinae;;;;;;;;
liopte.1;Liopteridae;Hymenoptera;Ichneumonoidea;Apocrita;wasp;parasitoid;parasitoid_hymenoptera;0;;;;;;;;;
Hymeno.1;Orussidae;Hymenoptera;Orussoidea;Symphyta;;parasitoid;parasitoid_hymenoptera;0;;;Pseudoryssus;niehuisorum;;;;;
Platyg.1;Platygastridae;Hymenoptera;Platygastroidea;Apocrita;wasp;parasitoid;parasitoid_hymenoptera;1;;;;;;;;;
platyg.1;Platygastridae;Hymenoptera;Platygastroidea;Apocrita;wasp;parasitoid;parasitoid_hymenoptera;0;;;;;;;;;
platyg.2;Platygastridae;Hymenoptera;Platygastroidea;Apocrita;wasp;parasitoid;parasitoid_hymenoptera;0;;;;;;;;;
platyg.3;Platygastridae;Hymenoptera;Platygastroidea;Apocrita;wasp;parasitoid;parasitoid_hymenoptera;0;;;;;;;;;
platyg.4;Platygastridae;Hymenoptera;Platygastroidea;Apocrita;wasp;parasitoid;parasitoid_hymenoptera;0;;;;;;;;;
Mutill.1;Mutillidae;Hymenoptera;Pompiloidea;Apocrita;wasp;predator;predatory_hymenoptera;2;;;;;;;;;
mutill.2;Mutillidae;Hymenoptera;Pompiloidea;Apocrita;wasp;predator;predatory_hymenoptera;2;;;;;;;;;
mutill.3;Mutillidae;Hymenoptera;Pompiloidea;Apocrita;wasp;predator;predatory_hymenoptera;2;;;;;;;;;
Pompil.1;Pompilidae;Hymenoptera;Pompiloidea;Apocrita;wasp;predator;predatory_hymenoptera;2;;;Pompilocalus;;;;;;
pompil.2;Pompilidae;Hymenoptera;Pompiloidea;Apocrita;wasp;predator;predatory_hymenoptera;2;;;;;;;;;
pompil.3;Pompilidae;Hymenoptera;Pompiloidea;Apocrita;wasp;predator;predatory_hymenoptera;2;;;;;;;;;
pompil.4;Pompilidae;Hymenoptera;Pompiloidea;Apocrita;wasp;predator;predatory_hymenoptera;2;;;;;;;;;
pompil.5;Pompilidae;Hymenoptera;Pompiloidea;Apocrita;wasp;predator;predatory_hymenoptera;2;;;;;;;;;
Thynni.1;Thynnidae;Hymenoptera;Thynnoidea;Apocrita;wasp;predator;predatory_hymenoptera;2;;;;;;;;;
Thynni.2;Thynnidae;Hymenoptera;Thynnoidea;Apocrita;wasp;predator;predatory_hymenoptera;2;;;;;;;;;
thynni.4;Thynnidae;Hymenoptera;Thynnoidea;Apocrita;wasp;predator;predatory_hymenoptera;2;;;;;;;;;
thynni.5;Thynnidae;Hymenoptera;Thynnoidea;Apocrita;wasp;predator;predatory_hymenoptera;2;;;;;;;;;
Thynnidae;Thynnidae;Hymenoptera;Thynnoidea;Apocrita;wasp;predator;predatory_hymenoptera;2;;;;;;;;;
Thyphi.1;Thiphiidae;Hymenoptera;Thynnoidea;Apocrita;wasp;predator;predatory_hymenoptera;2;;Mera/Myzinum;;simili Mesa glaber;;;;;
Bradyn.1;Bradynobaenidae;Hymenoptera;Vespoidea;Apocrita;wasp;predator;predatory_hymenoptera;1;;;;;;;;;
Scolii.1;Scoliidae;Hymenoptera;Vespoidea;Apocrita;wasp;predator;predatory_hymenoptera;2;;;;;;;;;
Scolii.2;Scoliidae;Hymenoptera;Vespoidea;Apocrita;wasp;predator;predatory_hymenoptera;2;;;;;;;;;
scolii.3;Scoliidae;Hymenoptera;Vespoidea;Apocrita;wasp;predator;predatory_hymenoptera;2;;;;;;;;;
scolii.4;Scoliidae;Hymenoptera;Vespoidea;Apocrita;wasp;predator;predatory_hymenoptera;2;;;;;;;;;
scolii.4;Scoliidae;Hymenoptera;Vespoidea;Apocrita;wasp;predator;predatory_hymenoptera;2;;;;;;;;;
Vespid.1;Vespidae;Hymenoptera;Vespoidea;Apocrita;wasp;predator;predatory_hymenoptera;2;Polistinae;Ropalidiini;Ropalidia;sp.;;;;;
Vespid.2;Vespidae;Hymenoptera;Vespoidea;Apocrita;wasp;predator;predatory_hymenoptera;2;Polistinae;Ropalidiini;Ropalidia;sp.;;;;;
vespid.3;Vespidae;Hymenoptera;Vespoidea;Apocrita;wasp;predator;predatory_hymenoptera;2;;;;;;;;;
vespid.3;Vespidae;Hymenoptera;Vespoidea;Apocrita;wasp;predator;predatory_hymenoptera;2;;;;;;;;;
hymeno.12;;Hymenoptera;hymenoptera;;;hymenoptera;hymenoptera;0;;;;;;;;;
Hymeno.2;;Hymenoptera;hymenoptera;;;hymenoptera;hymenoptera;0;;;;;;;;;
Hymeno.3;;Hymenoptera;hymenoptera;;;hymenoptera;hymenoptera;0;;;;;;;;;
Hymeno.7;;Hymenoptera;hymenoptera;;;hymenoptera;hymenoptera;0;;;;;;;;;
hymeno.8;;Hymenoptera;hymenoptera;;;hymenoptera;hymenoptera;0;;;;;;;;;
Lycaen.1;Lycaenidae;Lepidoptera;Papillonoidea;;butterfly;pollinator;pollinator_lepidoptera;2;;;;;;;;;
Lycaen.2;Lycaenidae;Lepidoptera;Papillonoidea;;butterfly;pollinator;pollinator_lepidoptera;2;;;;;;;;;
Nympha.1;Nymphalidae;Lepidoptera;Papillonoidea;;butterfly;pollinator;pollinator_lepidoptera;2;;;;;;;;;
Pierid.1;Pieridae;Lepidoptera;Papillonoidea;;butterfly;pollinator;pollinator_lepidoptera;2;;;;;;;;;
Lepido.1;;Lepidoptera;;;moth;pollinator;pollinator_lepidoptera;2;;;;;;;;;
Lepido.2;;Lepidoptera;;;moth;pollinator;pollinator_lepidoptera;2;;;;;;;;;
Lepido.3;;Lepidoptera;;;moth;pollinator;pollinator_lepidoptera;2;;;;;;;;;
lepido.4;;Lepidoptera;;;moth;pollinator;pollinator_lepidoptera;2;;;;;;;;;
lepido.5;;Lepidoptera;;;moth;pollinator;pollinator_lepidoptera;2;;;;;;;;;
lepido.6;;Lepidoptera;;;moth;pollinator;pollinator_lepidoptera;2;;;;;;;;;
lepido.7;;Lepidoptera;;;moth;pollinator;pollinator_lepidoptera;2;;;;;;;;;
neurop.2;Chrysopidae;Neuroptera;Chrysopoidea;;lacewings;parasitoid;parasitoid_neuroptera;0;;;;;;;;;
coniop.1;Coniopterygidae;Neuroptera;Coniopterygoidea;;dustywings;predator;predatory_neuroptera;0;;;;;;;;;
coniop.2;Coniopterygidae;Neuroptera;Coniopterygoidea;;dustywings;predator;predatory_neuroptera;0;;;;;;;;;
Nevrop.1/coniop.1;Coniopterygidae;Neuroptera;Coniopterygoidea;;dustywings;predator;predatory_neuroptera;0;;;;;;;;;
Neurop.1;Coniopterygidae;Neuroptera;Coniopterygoidea;;dustywings;predator;predatory_neuroptera;0;;;;;;;;;
Myrmel.1;Myrmeleontidae;Neuroptera;Myrmeleontoidea;;antlion;predator;predatory_neuroptera;0;;;;;;;;;
acrid.1;Acrididae;Orthoptera;Acridoidea;;grasshopper;phytophagous;phytophagous_orthoptera;0;;;;;;;;;
Grylli.1;Gryllidae;Orthoptera;Grylloidea;;cricket;phytophagous;phytophagous_orthoptera;0;;;Grillus;;;;;;
rhaphi.1;Rhaphidophoridae;Orthoptera;Rhaphidophoroidea;;cricket;phytophagous;phytophagous_orthoptera;0;;;;;;;;;
psocop.1;;Psocoptera;psocoptera;;Psocid;psocoptera;psocoptera;0;;;;;;;;;
psocop.2;;Psocoptera;psocoptera;;Psocid;psocoptera;psocoptera;0;;;;;;;;;
psocop.3;;Psocoptera;psocoptera;;Psocid;psocoptera;psocoptera;0;;;;;;;;;
psocop.4;;Psocoptera;psocoptera;;Psocid;psocoptera;psocoptera;0;;;;;;;;;
phlaeo.13;Phlaeothripidae;Thysanoptera;Tubulifera;;thrips;phytophagous;phytophagous_thysanoptera;1;;;;;;;flower;;
Phlaeo.1;Phlaeotripidae;Thysanoptera;Tubulifera;;thrips;phytophagous;phytophagous_thysanoptera;1;;;;;;;flower;;
phlaeo.10;Phlaeotripidae;Thysanoptera;Tubulifera;;thrips;phytophagous;phytophagous_thysanoptera;1;;;;;;;flower;;
phlaeo.11;Phlaeotripidae;Thysanoptera;Tubulifera;;thrips;phytophagous;phytophagous_thysanoptera;1;;;;;;;flower;;
phlaeo.12;Phlaeotripidae;Thysanoptera;Tubulifera;;thrips;phytophagous;phytophagous_thysanoptera;1;;;;;;;flower;;
Phlaeo.2;Phlaeotripidae;Thysanoptera;Tubulifera;;thrips;phytophagous;phytophagous_thysanoptera;1;;;;;;;flower;;
Phlaeo.3;Phlaeotripidae;Thysanoptera;Tubulifera;;thrips;phytophagous;phytophagous_thysanoptera;1;;;;;;;flower;;
Phlaeo.4;Phlaeotripidae;Thysanoptera;Tubulifera;;thrips;phytophagous;phytophagous_thysanoptera;1;;;;;;;flower;;
Phlaeo.5;Phlaeotripidae;Thysanoptera;Tubulifera;;thrips;phytophagous;phytophagous_thysanoptera;1;;;;;;;flower;;
Phlaeo.6;Phlaeotripidae;Thysanoptera;Tubulifera;;thrips;phytophagous;phytophagous_thysanoptera;1;;;;;;;flower;;
Phlaeo.7;Phlaeotripidae;Thysanoptera;Tubulifera;;thrips;phytophagous;phytophagous_thysanoptera;1;;;;;;;flower;;
phlaeo.8;Phlaeotripidae;Thysanoptera;Tubulifera;;thrips;phytophagous;phytophagous_thysanoptera;1;;;;;;;flower;;
phlaeo.9;Phlaeotripidae;Thysanoptera;Tubulifera;;thrips;phytophagous;phytophagous_thysanoptera;1;;;;;;;flower;;
insect.5;;Insecta;;;;;;0;;;;;;;;;
